{"cameraMode":{"drawMode":0,"name":"Shaded","section":"Shading Mode"},"sceneLighting":true,"audioPlay":false,"sceneViewState":{"m_AlwaysRefresh":false,"showFog":true,"showSkybox":true,"showFlares":true,"showImageEffects":true,"showParticleSystems":true,"showVisualEffectGraphs":true,"m_FxEnabled":true},"in2DMode":false,"pivot":{"x":22.3700008392334,"y":1.100000023841858,"z":-0.2199999988079071},"rotation":{"x":-0.36101338267326357,"y":-0.013625629246234894,"z":0.004722821991890669,"w":-0.9326638579368591},"size":4.507394790649414,"orthographic":false}